iteration,collectionName,requestName,method,url,status,code,responseTime,responseSize,executed,failed,skipped,totalAssertions,executedCount,failedCount,skippedCount
"1","Sendinblue","Get all Companies","GET","https://api.sendinblue.com/v3/companies","Unauthorized","401","1059","50",,,,"0","0","0","0"
"1","Sendinblue","Create a company","POST","https://api.sendinblue.com/v3/companies","Unauthorized","401","296","50",,,,"0","0","0","0"
"1","Sendinblue","Get company attributes","GET","https://api.sendinblue.com/v3/companies/attributes","Unauthorized","401","513","50",,,,"0","0","0","0"
"1","Sendinblue","Link and Unlink company with contact and deal","PATCH","https://api.sendinblue.com/v3/companies/link-unlink/65647a22ab1b1e06aef6d555","Unauthorized","401","339","50",,,,"0","0","0","0"
"1","Sendinblue","Get a company","GET","https://api.sendinblue.com/v3/companies/veniam elit in","Unauthorized","401","314","50",,,,"0","0","0","0"
"1","Sendinblue","Delete a company","DELETE","https://api.sendinblue.com/v3/companies/veniam elit in","Unauthorized","401","530","50",,,,"0","0","0","0"
"1","Sendinblue","Update a company","PATCH","https://api.sendinblue.com/v3/companies/veniam elit in","Unauthorized","401","326","50",,,,"0","0","0","0"
"1","Sendinblue","Get pipeline stages","GET","https://api.sendinblue.com/v3/crm/pipeline/details","Unauthorized","401","619","50",,,,"0","0","0","0"
"1","Sendinblue","https://crm-backend-api.brevo.com/crm/backend/companies?limit=50&page=1","GET","https://crm-backend-api.brevo.com/crm/backend/companies?limit=50&page=1","OK","200","1398","12572",,,,"0","0","0","0"
"1","Sendinblue","https://crm-backend-api.brevo.com/crm/backend/company","POST","https://crm-backend-api.brevo.com/crm/backend/company","OK","200","779","529",,,,"0","0","0","0"
"1","Sendinblue","Get all deals","GET","https://api.sendinblue.com/v3/crm/deals?filter[attributes]=veniam elit in&filter[linkedCompaniesIds]=veniam elit in&filter[linkedContactsIds]=veniam elit in&offset=13396752&limit=13396752&sort=desc","Unauthorized","401","291","50",,,,"0","0","0","0"
"1","Sendinblue","Create a deal","POST","https://api.sendinblue.com/v3/crm/deals","Unauthorized","401","291","50",,,,"0","0","0","0"
"1","Sendinblue","Link and Unlink a deal with contacts and companies","PATCH","https://api.sendinblue.com/v3/crm/deals/link-unlink/veniam elit in","Unauthorized","401","304","50",,,,"0","0","0","0"
"1","Sendinblue","Get deal attributes","GET","https://api.sendinblue.com/v3/crm/attributes/deals","Unauthorized","401","558","50",,,,"0","0","0","0"
"1","Sendinblue","Get a deal","GET","https://api.sendinblue.com/v3/crm/deals/veniam elit in","Unauthorized","401","350","50",,,,"0","0","0","0"
"1","Sendinblue","Delete a deal","DELETE","https://api.sendinblue.com/v3/crm/deals/veniam elit in","Unauthorized","401","307","50",,,,"0","0","0","0"
"1","Sendinblue","Update a deal","PATCH","https://api.sendinblue.com/v3/crm/deals/veniam elit in","Unauthorized","401","705","50",,,,"0","0","0","0"
"1","Sendinblue","Get all tasks","GET","https://api.sendinblue.com/v3/crm/tasks?filter[type]=veniam elit in&filter[status]=done&filter[date]=range&filter[assignTo]=veniam elit in&filter[contacts]=veniam elit in&filter[deals]=veniam elit in&filter[companies]=veniam elit in&dateFrom=-41398727&dateTo=-41398727&offset=13396752&limit=50&sort=desc&sortBy=name","Unauthorized","401","529","50",,,,"0","0","0","0"
"1","Sendinblue","Create a task","POST","https://api.sendinblue.com/v3/crm/tasks","Unauthorized","401","304","50",,,,"0","0","0","0"
"1","Sendinblue","Get all task types","GET","https://api.sendinblue.com/v3/crm/tasktypes","Unauthorized","401","297","50",,,,"0","0","0","0"
"1","Sendinblue","Get a task","GET","https://api.sendinblue.com/v3/crm/tasks/veniam elit in","Unauthorized","401","300","50",,,,"0","0","0","0"
"1","Sendinblue","Delete a task","DELETE","https://api.sendinblue.com/v3/crm/tasks/veniam elit in","Unauthorized","401","301","50",,,,"0","0","0","0"
"1","Sendinblue","Update a task","PATCH","https://api.sendinblue.com/v3/crm/tasks/veniam elit in","Unauthorized","401","297","50",,,,"0","0","0","0"
"1","Sendinblue","Get all notes","GET","https://api.sendinblue.com/v3/crm/notes?entity=deals&entityIds=veniam elit in&dateFrom=-41398727&dateTo=-41398727&offset=13396752&limit=50&sort=desc","Unauthorized","401","648","50",,,,"0","0","0","0"
"1","Sendinblue","Create a note","POST","https://api.sendinblue.com/v3/crm/notes","Unauthorized","401","312","50",,,,"0","0","0","0"
"1","Sendinblue","Get a note","GET","https://api.sendinblue.com/v3/crm/notes/veniam elit in","Unauthorized","401","300","50",,,,"0","0","0","0"
"1","Sendinblue","Update a note","PATCH","https://api.sendinblue.com/v3/crm/notes/veniam elit in","Unauthorized","401","336","50",,,,"0","0","0","0"
"1","Sendinblue","Delete a note","DELETE","https://api.sendinblue.com/v3/crm/notes/veniam elit in","Unauthorized","401","291","50",,,,"0","0","0","0"
"1","Sendinblue","Get all files","GET","https://api.sendinblue.com/v3/crm/files?entity=deals&entityIds=veniam elit in&dateFrom=-41398727&dateTo=-41398727&offset=13396752&limit=50&sort=desc","Unauthorized","401","312","50",,,,"0","0","0","0"
"1","Sendinblue","Upload a file","POST","https://api.sendinblue.com/v3/crm/files","Unauthorized","401","284","50",,,,"0","0","0","0"
"1","Sendinblue","Download a file","GET","https://api.sendinblue.com/v3/crm/files/veniam elit in","Unauthorized","401","318","50",,,,"0","0","0","0"
"1","Sendinblue","Delete a file","DELETE","https://api.sendinblue.com/v3/crm/files/veniam elit in","Unauthorized","401","300","50",,,,"0","0","0","0"
"1","Sendinblue","Get file details","GET","https://api.sendinblue.com/v3/crm/files/veniam elit in/data","Unauthorized","401","594","50",,,,"0","0","0","0"
"1","Sendinblue","Get an email campaign report","GET","https://api.sendinblue.com/v3/emailCampaigns/13396752","Unauthorized","401","328","50",,,,"0","0","0","0"
"1","Sendinblue","Update an email campaign","PUT","https://api.sendinblue.com/v3/emailCampaigns/13396752","Unauthorized","401","303","50",,,,"0","0","0","0"
"1","Sendinblue","Delete an email campaign","DELETE","https://api.sendinblue.com/v3/emailCampaigns/13396752","Unauthorized","401","301","50",,,,"0","0","0","0"
"1","Sendinblue","Send an email campaign immediately, based on campaignId","POST","https://api.sendinblue.com/v3/emailCampaigns/13396752/sendNow","Unauthorized","401","294","50",,,,"0","0","0","0"
"1","Sendinblue","Send an email campaign to your test list","POST","https://api.sendinblue.com/v3/emailCampaigns/13396752/sendTest","Unauthorized","401","310","50",,,,"0","0","0","0"
"1","Sendinblue","Update an email campaign status","PUT","https://api.sendinblue.com/v3/emailCampaigns/13396752/status","Unauthorized","401","297","50",,,,"0","0","0","0"
"1","Sendinblue","Send the report of a campaign","POST","https://api.sendinblue.com/v3/emailCampaigns/13396752/sendReport","Unauthorized","401","308","50",,,,"0","0","0","0"
"1","Sendinblue","Get an A/B test email campaign results","GET","https://api.sendinblue.com/v3/emailCampaigns/13396752/abTestCampaignResult","Unauthorized","401","304","50",,,,"0","0","0","0"
"1","Sendinblue","Get a shared template url","GET","https://api.sendinblue.com/v3/emailCampaigns/13396752/sharedUrl","Unauthorized","401","311","50",,,,"0","0","0","0"
"1","Sendinblue","Export the recipients of an email campaign","POST","https://api.sendinblue.com/v3/emailCampaigns/13396752/exportRecipients","Unauthorized","401","291","50",,,,"0","0","0","0"
"1","Sendinblue","Return all your created email campaigns","GET","https://api.sendinblue.com/v3/emailCampaigns?type=classic&status=archive&startDate=veniam elit in&endDate=veniam elit in&limit=50&offset=0&sort=desc","Unauthorized","401","301","50",,,,"0","0","0","0"
"1","Sendinblue","Create an email campaign","POST","https://api.sendinblue.com/v3/emailCampaigns","Unauthorized","401","293","50",,,,"0","0","0","0"
"1","Sendinblue","Upload an image to your account's image gallery","POST","https://api.sendinblue.com/v3/emailCampaigns/images","Unauthorized","401","310","50",,,,"0","0","0","0"
"1","Sendinblue","Returns the information for all your created SMS campaigns","GET","https://api.sendinblue.com/v3/smsCampaigns?status=archive&startDate=veniam elit in&endDate=veniam elit in&limit=500&offset=0&sort=desc","Unauthorized","401","301","50",,,,"0","0","0","0"
"1","Sendinblue","Creates an SMS campaign","POST","https://api.sendinblue.com/v3/smsCampaigns","Unauthorized","401","307","50",,,,"0","0","0","0"
"1","Sendinblue","Get an SMS campaign","GET","https://api.sendinblue.com/v3/smsCampaigns/13396752","Unauthorized","401","330","50",,,,"0","0","0","0"
"1","Sendinblue","Update an SMS campaign","PUT","https://api.sendinblue.com/v3/smsCampaigns/13396752","Unauthorized","401","302","50",,,,"0","0","0","0"
"1","Sendinblue","Delete an SMS campaign","DELETE","https://api.sendinblue.com/v3/smsCampaigns/13396752","Unauthorized","401","340","50",,,,"0","0","0","0"
"1","Sendinblue","Send your SMS campaign immediately","POST","https://api.sendinblue.com/v3/smsCampaigns/13396752/sendNow","Unauthorized","401","307","50",,,,"0","0","0","0"
"1","Sendinblue","Update a campaign's status","PUT","https://api.sendinblue.com/v3/smsCampaigns/13396752/status","Unauthorized","401","339","50",,,,"0","0","0","0"
"1","Sendinblue","Send a test SMS campaign","POST","https://api.sendinblue.com/v3/smsCampaigns/13396752/sendTest","Unauthorized","401","340","50",,,,"0","0","0","0"
"1","Sendinblue","Export an SMS campaign's recipients","POST","https://api.sendinblue.com/v3/smsCampaigns/13396752/exportRecipients","Unauthorized","401","358","50",,,,"0","0","0","0"
"1","Sendinblue","Send an SMS campaign's report","POST","https://api.sendinblue.com/v3/smsCampaigns/13396752/sendReport","Unauthorized","401","326","50",,,,"0","0","0","0"
"1","Sendinblue","Send a message as an agent","POST","https://api.sendinblue.com/v3/conversations/messages","Unauthorized","401","340","50",,,,"0","0","0","0"
"1","Sendinblue","Get a message","GET","https://api.sendinblue.com/v3/conversations/messages/veniam elit in","Unauthorized","401","580","50",,,,"0","0","0","0"
"1","Sendinblue","Update a message sent by an agent","PUT","https://api.sendinblue.com/v3/conversations/messages/veniam elit in","Unauthorized","401","341","50",,,,"0","0","0","0"
"1","Sendinblue","Delete a message sent by an agent","DELETE","https://api.sendinblue.com/v3/conversations/messages/veniam elit in","Unauthorized","401","343","50",,,,"0","0","0","0"
"1","Sendinblue","Sets agentâ€™s status to online for 2-3 minutes","POST","https://api.sendinblue.com/v3/conversations/agentOnlinePing","Unauthorized","401","306","50",,,,"0","0","0","0"
"1","Sendinblue","Send an automated message to a visitor","POST","https://api.sendinblue.com/v3/conversations/pushedMessages","Unauthorized","401","345","50",,,,"0","0","0","0"
"1","Sendinblue","Get an automated message","GET","https://api.sendinblue.com/v3/conversations/pushedMessages/veniam elit in","Unauthorized","401","375","50",,,,"0","0","0","0"
"1","Sendinblue","Update an automated message","PUT","https://api.sendinblue.com/v3/conversations/pushedMessages/veniam elit in","Unauthorized","401","342","50",,,,"0","0","0","0"
"1","Sendinblue","Delete an automated message","DELETE","https://api.sendinblue.com/v3/conversations/pushedMessages/veniam elit in","Unauthorized","401","301","50",,,,"0","0","0","0"
"1","Sendinblue","Get all the contacts","GET","https://api.sendinblue.com/v3/contacts?limit=50&offset=0&modifiedSince=2022-02-01T00:00:00.000&sort=desc","Unauthorized","401","342","50",,,,"0","0","0","0"
"1","Sendinblue","Create a contact","POST","https://api.sendinblue.com/v3/contacts","Unauthorized","401","343","50",,,,"0","0","0","0"
"1","Sendinblue","Create Contact via DOI (Double-Opt-In) Flow","POST","https://api.sendinblue.com/v3/contacts/doubleOptinConfirmation","Unauthorized","401","342","50",,,,"0","0","0","0"
"1","Sendinblue","Update multiple contacts","POST","https://api.sendinblue.com/v3/contacts/batch","Unauthorized","401","341","50",,,,"0","0","0","0"
"1","Sendinblue","Export contacts","POST","https://api.sendinblue.com/v3/contacts/export","Unauthorized","401","390","50",,,,"0","0","0","0"
"1","Sendinblue","Import contacts","POST","https://api.sendinblue.com/v3/contacts/import","Unauthorized","401","339","50",,,,"0","0","0","0"
"1","Sendinblue","Get a contact's details","GET","https://api.sendinblue.com/v3/contacts/{{email}}","Unauthorized","401","540","50",,,,"0","0","0","0"
"1","Sendinblue","Delete a contact","DELETE","https://api.sendinblue.com/v3/contacts/{{contact_id}}","Unauthorized","401","345","50",,,,"0","0","0","0"
"1","Sendinblue","Update a contact","PUT","https://api.sendinblue.com/v3/contacts/veniam elit in","Unauthorized","401","356","50",,,,"0","0","0","0"
"1","Sendinblue","Get email campaigns' statistics for a contact","GET","https://api.sendinblue.com/v3/contacts/veniam elit in/campaignStats?startDate=veniam elit in&endDate=veniam elit in","Unauthorized","401","365","50",,,,"0","0","0","0"
"1","Sendinblue","Get all folders","GET","https://api.sendinblue.com/v3/contacts/folders?limit=10&offset=0&sort=desc","Unauthorized","401","390","50",,"Folders array is present and contains the expected number of elements, Each folder object has required fields, Name in each folder is a non-empty string, Count accurately represents the number of folders in the response",,"4","0","4","0"
"1","Sendinblue","Create a folder","POST","https://api.sendinblue.com/v3/contacts/folders","Unauthorized","401","406","50",,"Response is an object with id property",,"1","0","1","0"
"1","Sendinblue","Returns a folder's details","GET","https://api.sendinblue.com/v3/contacts/folders/null","Unauthorized","401","357","50",,"Id is a non-negative integer, Name is a non-empty string, Total blacklisted is a non-negative integer, TotalSubscribers and UniqueSubscribers are non-negative integers",,"4","0","4","0"
"1","Sendinblue","Update a folder","PUT","https://api.sendinblue.com/v3/contacts/folders/null","Unauthorized","401","324","50",,,,"0","0","0","0"
"1","Sendinblue","Get lists in a folder","GET","https://api.sendinblue.com/v3/contacts/folders/null/lists?limit=10&offset=0&sort=desc","Unauthorized","401","350","50",,"Response status code is 200",,"1","0","1","0"
"1","Sendinblue","Delete a folder (and all its lists)","DELETE","https://api.sendinblue.com/v3/contacts/folders/null","Unauthorized","401","332","50",,,,"0","0","0","0"
"1","Sendinblue","Get all the lists","GET","https://api.sendinblue.com/v3/contacts/lists?limit=10&offset=0&sort=desc","Unauthorized","401","343","50",,"Count field matches the number of lists returned",,"1","0","1","0"
"1","Sendinblue","Create a list","POST","https://api.sendinblue.com/v3/contacts/lists","Unauthorized","401","330","50","Response time is less than 2000ms","Response has the required field 'id', Id is a non-negative integer, Verify that the 'id' is set in the collection variable 'listid'",,"4","1","3","0"
"1","Sendinblue","Get contacts in a list","GET","https://api.sendinblue.com/v3/contacts/lists/null/contacts?limit=50&offset=0&sort=desc","Unauthorized","401","357","50",,"Response contains the 'contacts' array, Count field is a non-negative integer",,"2","0","2","0"
"1","Sendinblue","Add existing contacts to a list","POST","https://api.sendinblue.com/v3/contacts/lists/13396752/contacts/add","Unauthorized","401","372","50",,,,"0","0","0","0"
"1","Sendinblue","Delete a contact from a list","POST","https://api.sendinblue.com/v3/contacts/lists/13396752/contacts/remove","Unauthorized","401","863","50",,,,"0","0","0","0"
"1","Sendinblue","Get a list's details","GET","https://api.sendinblue.com/v3/contacts/lists/13396752","Unauthorized","401","328","50",,,,"0","0","0","0"
"1","Sendinblue","Update a list","PUT","https://api.sendinblue.com/v3/contacts/lists/null","Unauthorized","401","280","50",,,,"0","0","0","0"
"1","Sendinblue","Delete a list","DELETE","https://api.sendinblue.com/v3/contacts/lists/null","Unauthorized","401","299","50",,,,"0","0","0","0"
"1","Sendinblue","List all attributes","GET","https://api.sendinblue.com/v3/contacts/attributes","Unauthorized","401","302","50",,,,"0","0","0","0"
"1","Sendinblue","Update contact attribute","PUT","https://api.sendinblue.com/v3/contacts/attributes/global/veniam elit in","Unauthorized","401","320","50",,,,"0","0","0","0"
"1","Sendinblue","Create contact attribute","POST","https://api.sendinblue.com/v3/contacts/attributes/global/veniam elit in","Unauthorized","401","324","50",,,,"0","0","0","0"
"1","Sendinblue","Delete an attribute","DELETE","https://api.sendinblue.com/v3/contacts/attributes/global/veniam elit in","Unauthorized","401","301","50",,,,"0","0","0","0"
"1","Sendinblue","Send a transactional email","POST","https://api.sendinblue.com/v3/smtp/email?=","Unauthorized","401","337","50",,"body contains messageId",,"1","0","1","0"
"1","Sendinblue","Get the list of transactional emails on the basis of allowed filters","GET","https://api.sendinblue.com/v3/smtp/emails?email=veniam elit in&templateId=13396752&messageId=veniam elit in&startDate=veniam elit in&endDate=veniam elit in&sort=desc&limit=500&offset=0","Unauthorized","401","335","50",,,,"0","0","0","0"
"1","Sendinblue","Delete scheduled emails by batchId or messageId","DELETE","https://api.sendinblue.com/v3/smtp/email/4320f270-a4e3-4a2e-b591-edfe30a5e627","Unauthorized","401","303","50",,,,"0","0","0","0"
"1","Sendinblue","Get the personalized content of a sent transactional email","GET","https://api.sendinblue.com/v3/smtp/emails/veniam elit in","Unauthorized","401","302","50",,,,"0","0","0","0"
"1","Sendinblue","Fetch scheduled emails by batchId or messageId","GET","https://api.sendinblue.com/v3/smtp/emailStatus/4320f270-a4e3-4a2e-b591-edfe30a5e627?startDate=2022-02-02&endDate=2022-03-02&sort=desc&status=queued&limit=100&offset=0","Unauthorized","401","298","50",,,,"0","0","0","0"
"1","Sendinblue","Get the list of email templates","GET","https://api.sendinblue.com/v3/smtp/templates?templateStatus=false&limit=50&offset=0&sort=desc","Unauthorized","401","289","50",,,,"0","0","0","0"
"1","Sendinblue","Create an email template","POST","https://api.sendinblue.com/v3/smtp/templates","Unauthorized","401","311","50",,,,"0","0","0","0"
"1","Sendinblue","Returns the template information","GET","https://api.sendinblue.com/v3/smtp/templates/13396752","Unauthorized","401","302","50",,,,"0","0","0","0"
"1","Sendinblue","Update an email template","PUT","https://api.sendinblue.com/v3/smtp/templates/13396752","Unauthorized","401","299","50",,,,"0","0","0","0"
"1","Sendinblue","Delete an inactive email template","DELETE","https://api.sendinblue.com/v3/smtp/templates/13396752","Unauthorized","401","279","50",,,,"0","0","0","0"
"1","Sendinblue","Send a template to your test list","POST","https://api.sendinblue.com/v3/smtp/templates/13396752/sendTest","Unauthorized","401","328","50",,,,"0","0","0","0"
"1","Sendinblue","Get your transactional email activity aggregated over a period of time","GET","https://api.sendinblue.com/v3/smtp/statistics/aggregatedReport","Unauthorized","401","338","50",,"body contains range, body contains requets, body contains delivered",,"3","0","3","0"
"1","Sendinblue","Get your transactional email activity aggregated per day","GET","https://api.sendinblue.com/v3/smtp/statistics/reports?limit=10&offset=0","Unauthorized","401","338","50",,"Body matches string, Body matches string, Body matches string",,"3","0","3","0"
"1","Sendinblue","Get all your transactional email activity (unaggregated events)","GET","https://api.sendinblue.com/v3/smtp/statistics/events?days=11&messageId=202212281024.62341432715@smtp-relay.mailin.fr","Unauthorized","401","317","50",,,,"0","0","0","0"
"1","Sendinblue","Get the list of blocked or unsubscribed transactional contacts","GET","https://api.sendinblue.com/v3/smtp/blockedContacts?startDate=veniam elit in&endDate=veniam elit in&limit=50&offset=0&senders=ullamco,dolor elit aute&sort=desc","Unauthorized","401","786","50",,,,"0","0","0","0"
"1","Sendinblue","Unblock or resubscribe a transactional contact","DELETE","https://api.sendinblue.com/v3/smtp/blockedContacts/veniam elit in","Unauthorized","401","299","50",,,,"0","0","0","0"
"1","Sendinblue","Get the list of blocked domains","GET","https://api.sendinblue.com/v3/smtp/blockedDomains","Unauthorized","401","317","50",,,,"0","0","0","0"
"1","Sendinblue","Add a new domain to the list of blocked domains","POST","https://api.sendinblue.com/v3/smtp/blockedDomains","Unauthorized","401","328","50",,,,"0","0","0","0"
"1","Sendinblue","Unblock an existing domain from the list of blocked domains","DELETE","https://api.sendinblue.com/v3/smtp/blockedDomains/veniam elit in","Unauthorized","401","325","50",,,,"0","0","0","0"
"1","Sendinblue","Delete hardbounces","POST","https://api.sendinblue.com/v3/smtp/deleteHardbounces","Unauthorized","401","302","50",,"Status code is 200",,"1","0","1","0"
"1","Sendinblue","Delete an SMTP transactional log","DELETE","https://api.sendinblue.com/v3/smtp/log/null","Unauthorized","401","320","50",,"Status code is 204",,"1","0","1","0"
"1","Sendinblue","Get the list of all the events for the received emails.","GET","https://api.sendinblue.com/v3/inbound/events?sender=veniam elit in&startDate=1947-08-13&endDate=1947-08-13&limit=100&offset=0&sort=desc","Unauthorized","401","322","50",,,,"0","0","0","0"
"1","Sendinblue","Fetch all events history for one particular received email.","GET","https://api.sendinblue.com/v3/inbound/events/veniam elit in","Unauthorized","401","309","50",,,,"0","0","0","0"
"1","Sendinblue","Retrieve inbound attachment with download token.","GET","https://api.sendinblue.com/v3/inbound/attachments/veniam elit in","Unauthorized","401","300","50",,,,"0","0","0","0"
"1","Sendinblue","Send SMS message to a mobile number","POST","https://api.sendinblue.com/v3/transactionalSMS/sms","Unauthorized","401","502","50",,,,"0","0","0","0"
"1","Sendinblue","Get your SMS activity aggregated over a period of time","GET","https://api.sendinblue.com/v3/transactionalSMS/statistics/aggregatedReport","Unauthorized","401","302","50",,"Status code is 200",,"1","0","1","0"
"1","Sendinblue","Get your SMS activity aggregated per day","GET","https://api.sendinblue.com/v3/transactionalSMS/statistics/reports","Unauthorized","401","306","50",,"Status code is 200",,"1","0","1","0"
"1","Sendinblue","Get all your SMS activity (unaggregated events)","GET","https://api.sendinblue.com/v3/transactionalSMS/statistics/events?limit=50&offset=0&event=bounces&sort=desc","Unauthorized","401","294","50",,"Status code is 200",,"1","0","1","0"
"1","Sendinblue","Get all webhooks","GET","https://api.sendinblue.com/v3/webhooks?type=marketing&sort=desc","Unauthorized","401","306","50",,,,"0","0","0","0"
"1","Sendinblue","Create a webhook","POST","https://api.sendinblue.com/v3/webhooks","Unauthorized","401","292","50",,"verify that body contains id",,"1","0","1","0"
"1","Sendinblue","Get a webhook details","GET","https://api.sendinblue.com/v3/webhooks/","Unauthorized","401","311","50",,"verify that body includes url,id,description,events,type",,"1","0","1","0"
"1","Sendinblue","Update a webhook","PUT","https://api.sendinblue.com/v3/webhooks/","Unauthorized","401","292","50",,"Status code is 204",,"1","0","1","0"
"1","Sendinblue","Delete a webhook","DELETE","https://api.sendinblue.com/v3/webhooks/","Unauthorized","401","359","50",,"Status code is 204",,"1","0","1","0"
"1","Sendinblue","Add Email and/or SMS credits to a specific child account","POST","https://api.sendinblue.com/v3/reseller/children/veniam elit in/credits/add","Unauthorized","401","351","50",,,,"0","0","0","0"
"1","Sendinblue","Remove Email and/or SMS credits from a specific child account","POST","https://api.sendinblue.com/v3/reseller/children/veniam elit in/credits/remove","Unauthorized","401","506","50",,,,"0","0","0","0"
"1","Sendinblue","Associate a dedicated IP to the child","POST","https://api.sendinblue.com/v3/reseller/children/veniam elit in/ips/associate","Unauthorized","401","294","50",,,,"0","0","0","0"
"1","Sendinblue","Dissociate a dedicated IP to the child","POST","https://api.sendinblue.com/v3/reseller/children/veniam elit in/ips/dissociate","Unauthorized","401","309","50",,,,"0","0","0","0"
"1","Sendinblue","Get all sender domains for a specific child account","GET","https://api.sendinblue.com/v3/reseller/children/veniam elit in/domains","Unauthorized","401","302","50",,,,"0","0","0","0"
"1","Sendinblue","Create a domain for a child account","POST","https://api.sendinblue.com/v3/reseller/children/veniam elit in/domains","Unauthorized","401","317","50",,,,"0","0","0","0"
"1","Sendinblue","Update the sender domain of reseller's child based on the childIdentifier and domainName passed","PUT","https://api.sendinblue.com/v3/reseller/children/veniam elit in/domains/veniam elit in","Unauthorized","401","283","50",,,,"0","0","0","0"
"1","Sendinblue","Delete the sender domain of the reseller child based on the childIdentifier and domainName passed","DELETE","https://api.sendinblue.com/v3/reseller/children/veniam elit in/domains/veniam elit in","Unauthorized","401","317","50",,,,"0","0","0","0"
"1","Sendinblue","Get a child account's details","GET","https://api.sendinblue.com/v3/reseller/children/veniam elit in","Unauthorized","401","329","50",,,,"0","0","0","0"
"1","Sendinblue","Update info of reseller's child based on the child identifier supplied","PUT","https://api.sendinblue.com/v3/reseller/children/veniam elit in","Unauthorized","401","288","50",,,,"0","0","0","0"
"1","Sendinblue","Delete a single reseller child based on the child identifier supplied","DELETE","https://api.sendinblue.com/v3/reseller/children/veniam elit in","Unauthorized","401","321","50",,,,"0","0","0","0"
"1","Sendinblue","Update info of reseller's child account status based on the identifier supplied","PUT","https://api.sendinblue.com/v3/reseller/children/veniam elit in/accountStatus","Unauthorized","401","302","50",,,,"0","0","0","0"
"1","Sendinblue","Get the status of a reseller's child account creation, whether it is successfully created (exists) or not based on the childIdentifier supplied","GET","https://api.sendinblue.com/v3/reseller/children/veniam elit in/accountCreationStatus","Unauthorized","401","335","50",,,,"0","0","0","0"
"1","Sendinblue","Get session token to access Sendinblue (SSO)","GET","https://api.sendinblue.com/v3/reseller/children/veniam elit in/auth","Unauthorized","401","316","50",,,,"0","0","0","0"
"1","Sendinblue","Get the list of all children accounts","GET","https://api.sendinblue.com/v3/reseller/children?limit=10&offset=0","Unauthorized","401","311","50",,,,"0","0","0","0"
"1","Sendinblue","Creates a reseller child","POST","https://api.sendinblue.com/v3/reseller/children","Unauthorized","401","377","50",,,,"0","0","0","0"
"1","Sendinblue","Return all the processes for your account","GET","https://api.sendinblue.com/v3/processes?limit=10&offset=0&sort=desc","Unauthorized","401","335","50",,,,"0","0","0","0"
"1","Sendinblue","Return the informations for a process","GET","https://api.sendinblue.com/v3/processes/","Unauthorized","401","295","50",,"Verify the value of status",,"1","0","1","0"
"1","Sendinblue","Get the details of requested master account","GET","https://api.sendinblue.com/v3/corporate/masterAccount","Unauthorized","401","299","50",,,,"0","0","0","0"
"1","Sendinblue","Get the list of all the sub-accounts of the master account.","GET","https://api.sendinblue.com/v3/corporate/subAccount?offset=-41398727&limit=-41398727","Unauthorized","401","325","50",,,,"0","0","0","0"
"1","Sendinblue","Create a new sub-account under a master account.","POST","https://api.sendinblue.com/v3/corporate/subAccount","Unauthorized","401","315","50",,,,"0","0","0","0"
"1","Sendinblue","Generate SSO token to access Sendinblue","POST","https://api.sendinblue.com/v3/corporate/subAccount/ssoToken","Unauthorized","401","312","50",,,,"0","0","0","0"
"1","Sendinblue","Get sub-account details","GET","https://api.sendinblue.com/v3/corporate/subAccount/13396752","Unauthorized","401","378","50",,,,"0","0","0","0"
"1","Sendinblue","Delete a sub-account","DELETE","https://api.sendinblue.com/v3/corporate/subAccount/13396752","Unauthorized","401","352","50",,,,"0","0","0","0"
"1","Sendinblue","Update sub-account plan","PUT","https://api.sendinblue.com/v3/corporate/subAccount/13396752/plan","Unauthorized","401","355","50",,,,"0","0","0","0"
"1","Sendinblue","Get your account information, plan and credits details","GET","https://api.sendinblue.com/v3/account","Unauthorized","401","321","50",,"verify that body contains the strings, Your test name",,"2","0","2","0"
"1","Sendinblue","Get the list of all your senders","GET","https://api.sendinblue.com/v3/senders","Unauthorized","401","311","50",,"verify that body contains details of senders, Your test name",,"2","0","2","0"
"1","Sendinblue","Create a new sender","POST","https://api.sendinblue.com/v3/senders","Unauthorized","401","327","50",,"verify that spfError returns true, verify that dkimError returns true",,"2","0","2","0"
"1","Sendinblue","Get all the dedicated IPs for your account","GET","https://api.sendinblue.com/v3/senders/ips","Unauthorized","401","347","50",,"Status code is 200, Body matches string",,"2","0","2","0"
"1","Sendinblue","Update a sender","PUT","https://api.sendinblue.com/v3/senders/null","Unauthorized","401","331","50",,"Status code is 204",,"1","0","1","0"
"1","Sendinblue","Delete a sender","DELETE","https://api.sendinblue.com/v3/senders/null","Unauthorized","401","328","50",,"Status code is 204",,"1","0","1","0"
"1","Sendinblue","Get all the dedicated IPs for a sender","GET","https://api.sendinblue.com/v3/senders//ips","Unauthorized","401","342","50",,"Body matches string",,"1","0","1","0"